Marca,Titulo,Precio,Variantes,Imagenes
,,Precio de venta$ 35.50,03 Marilyn;04 Stiletto Red;05 Poison Apple;06 Terracota;07 Barely Nude;08 Ballet Slipper;09 Vintage Rose;10 Temptress;11 Pink Charm;13 Caliente;14 Lovelace;15 Natural;16 Saint;20 Gypsy;21 Black Cherry;23 Sweet Chocolate;24 Hazelnut;25 Maroon;26 Brownie;27 Sangría;29 Fudge Pop;31 Mauvelous;34 Ginger Bread;35 Burnt Orange;36 Osito;37 Spice;38 Red Bottom;39 Brick;03 Marilyn - $ 35.50;04 Stiletto Red - $ 35.50;05 Poison Apple - $ 35.50;06 Terracota - $ 35.50;07 Barely Nude - $ 35.50;08 Ballet Slipper - $ 35.50;09 Vintage Rose - $ 35.50;10 Temptress - $ 35.50;11 Pink Charm - $ 35.50;13 Caliente - $ 35.50;14 Lovelace - $ 35.50;15 Natural - $ 35.50;16 Saint - $ 35.50;20 Gypsy - $ 35.50;21 Black Cherry - $ 35.50;23 Sweet Chocolate - $ 35.50;24 Hazelnut - $ 35.50;25 Maroon - $ 35.50;26 Brownie - $ 35.50;27 Sangría - $ 35.50;29 Fudge Pop - $ 35.50;31 Mauvelous - $ 35.50;34 Ginger Bread - $ 35.50;35 Burnt Orange - $ 35.50;36 Osito - $ 35.50;37 Spice - $ 35.50;38 Red Bottom - $ 35.50;39 Brick - $ 35.50,https://cdn.shopify.com/s/files/1/0617/4251/4426/files/cruelty_free.png?v=1649713145;https://cdn.shopify.com/s/files/1/0617/4251/4426/files/sin_parabenos_00756075-0ed1-4104-8801-e61a0e08fc99.png?v=1677899462;https://cdn.shopify.com/s/files/1/0617/4251/4426/files/Capa_1.png?v=1652727823;https://cdn.shopify.com/s/files/1/0617/4251/4426/files/spei-footer.png?v=1660683142
,,Precio de venta$ 31.00,01 Pátzcuaro;02 Mocorito;03 Tula;04 Comala;05 Mazunte;06 Tepoztlán;07 Malinalco;08 Mazamitla;09 Jerez;10 Valladolid;11 Huichapan;12 Tecozautla;13 Tequila;14 Huamantla;15 Salvatierra;16 Cosalá;17 Papantla;18 Atlixco;19 Amealco;20 Bacalar;21 Sayulita;22 Bernal;23 Pinos;24 Cholula;25 Palenque;26 Teúl;27 Cadereyta;28 Xilitla;29 Taxco;30 Xico;01 Pátzcuaro - $ 31.00;02 Mocorito - $ 31.00;03 Tula - $ 31.00;04 Comala - $ 31.00;05 Mazunte - $ 31.00;06 Tepoztlán - $ 31.00;07 Malinalco - $ 31.00;08 Mazamitla - $ 31.00;09 Jerez - $ 31.00;10 Valladolid - $ 31.00;11 Huichapan - $ 31.00;12 Tecozautla - $ 31.00;13 Tequila - $ 31.00;14 Huamantla - $ 31.00;15 Salvatierra - $ 31.00;16 Cosalá - $ 31.00;17 Papantla - $ 31.00;18 Atlixco - $ 31.00;19 Amealco - $ 31.00;20 Bacalar - $ 31.00;21 Sayulita - $ 31.00;22 Bernal - $ 31.00;23 Pinos - $ 31.00;24 Cholula - $ 31.00;25 Palenque - $ 31.00;26 Teúl - $ 31.00;27 Cadereyta - $ 31.00;28 Xilitla - $ 31.00;29 Taxco - $ 31.00;30 Xico - $ 31.00,https://cdn.shopify.com/s/files/1/0617/4251/4426/files/cruelty_free.png?v=1649713145;https://cdn.shopify.com/s/files/1/0617/4251/4426/files/Capa_1.png?v=1652727823;https://cdn.shopify.com/s/files/1/0617/4251/4426/files/spei-footer.png?v=1660683142
,,Precio de venta$ 36.00,01 Milán;02 Malibú;03 Estambul;04 Toronto;05 Beirut;06 Valencia;07 Bogotá;08 Marruecos;09 Bruselas;10 Honolulu;11 San José;12 Las Vegas;13 Caracas;15 Miami;16 Los Ángeles;17 Seúl;18 Mérida;19 La Habana;20 Shanghai;21 Mónaco;22 Venecia;23 París;24 Viena;25 Río De Janeiro;26 Dubai;27 Tokio;29 Budapest;30 Lima;01 Milán - $ 36.00;02 Malibú - $ 36.00;03 Estambul - $ 36.00;04 Toronto - $ 36.00;05 Beirut - $ 36.00;06 Valencia - $ 36.00;07 Bogotá - $ 36.00;08 Marruecos - $ 36.00;09 Bruselas - $ 36.00;10 Honolulu - $ 36.00;11 San José - $ 36.00;12 Las Vegas - $ 36.00;13 Caracas - $ 36.00;15 Miami - $ 36.00;16 Los Ángeles - $ 36.00;17 Seúl - $ 36.00;18 Mérida - $ 36.00;19 La Habana - $ 36.00;20 Shanghai - $ 36.00;21 Mónaco - $ 36.00;22 Venecia - $ 36.00;23 París - $ 36.00;24 Viena - $ 36.00;25 Río De Janeiro - $ 36.00;26 Dubai - $ 36.00;27 Tokio - $ 36.00;29 Budapest - $ 36.00;30 Lima - $ 36.00,https://cdn.shopify.com/s/files/1/0617/4251/4426/files/cruelty_free.png?v=1649713145;https://cdn.shopify.com/s/files/1/0617/4251/4426/files/Capa_1.png?v=1652727823;https://cdn.shopify.com/s/files/1/0617/4251/4426/files/spei-footer.png?v=1660683142
,,Precio de venta$ 178.00,Caliente Reds - $ 178.00;Send Nudes - $ 178.00;Modest Mauves - $ 178.00;Chola Browns - $ 178.00;Baddie Babe - $ 178.00,https://cdn.shopify.com/s/files/1/0617/4251/4426/files/Capa_1.png?v=1652727823;https://cdn.shopify.com/s/files/1/0617/4251/4426/files/spei-footer.png?v=1660683142
,,Precio de venta$ 56.00,01 Pretty;02 Beauty;03 K-Pop;04 Cute;05 Blossom;06 Bloom;01 Pretty - $ 56.00;02 Beauty - $ 56.00;03 K-Pop - $ 56.00;04 Cute - $ 56.00;05 Blossom - $ 56.00;06 Bloom - $ 56.00,https://cdn.shopify.com/s/files/1/0617/4251/4426/files/Capa_1.png?v=1652727823;https://cdn.shopify.com/s/files/1/0617/4251/4426/files/spei-footer.png?v=1660683142
,,Precio de venta$ 40.50,Nude;Natural;Mauve;Divine;Beauty;Petal;Girl;Toast;Brunette;Luxe;Pink;Crazy;Candy;Magenta;Nice;Funny;Sexy;Apple;Flame;Red Wine;Nude - $ 40.50;Natural - $ 40.50;Mauve - $ 40.50;Divine - $ 40.50;Beauty - $ 40.50;Petal - $ 40.50;Girl - $ 40.50;Toast - $ 40.50;Brunette - $ 40.50;Luxe - $ 40.50;Pink - $ 40.50;Crazy - $ 40.50;Candy - $ 40.50;Magenta - $ 40.50;Nice - $ 40.50;Funny - $ 40.50;Sexy - $ 40.50;Apple - $ 40.50;Flame - $ 40.50;Red Wine - $ 40.50,https://cdn.shopify.com/s/files/1/0617/4251/4426/files/Capa_1.png?v=1652727823;https://cdn.shopify.com/s/files/1/0617/4251/4426/files/spei-footer.png?v=1660683142
,,Precio de venta$ 168.00,,https://cdn.shopify.com/s/files/1/0617/4251/4426/files/Capa_1.png?v=1652727823;https://cdn.shopify.com/s/files/1/0617/4251/4426/files/spei-footer.png?v=1660683142
,,Precio de venta$ 31.00,01 TQM;02 Amor y Paz;03 Nunca Cambies;04 Eres Cool;05 Buena Onda;06 Vales Mil;07 Chido;01 TQM - $ 31.00;02 Amor y Paz - $ 31.00;03 Nunca Cambies - $ 31.00;04 Eres Cool - $ 31.00;05 Buena Onda - $ 31.00;06 Vales Mil - $ 31.00;07 Chido - $ 31.00,https://cdn.shopify.com/s/files/1/0617/4251/4426/files/Capa_1.png?v=1652727823;https://cdn.shopify.com/s/files/1/0617/4251/4426/files/spei-footer.png?v=1660683142
,,Precio de venta$ 38.00,01 Snatched;02 Pillow Talk;03 Baddie;04 Natural Beauty;05 Burning Desire;06 Red Bottoms;07 Send Nudes;08 Confident;09 Make-Out;10 Innocent;11 Mami;12 Eye Candy;13 Sin;14 Berry Lust;15 Femme Fatal;16 Good Girl;17 Passion;18 Romance;19 Lover;20 Spicy;01 Snatched - $ 38.00;02 Pillow Talk - $ 38.00;03 Baddie - $ 38.00;04 Natural Beauty - $ 38.00;05 Burning Desire - $ 38.00;06 Red Bottoms - $ 38.00;07 Send Nudes - $ 38.00;08 Confident - $ 38.00;09 Make-Out - $ 38.00;10 Innocent - $ 38.00;11 Mami - $ 38.00;12 Eye Candy - $ 38.00;13 Sin - $ 38.00;14 Berry Lust - $ 38.00;15 Femme Fatal - $ 38.00;16 Good Girl - $ 38.00;17 Passion - $ 38.00;18 Romance - $ 38.00;19 Lover - $ 38.00;20 Spicy - $ 38.00,https://cdn.shopify.com/s/files/1/0617/4251/4426/files/Capa_1.png?v=1652727823;https://cdn.shopify.com/s/files/1/0617/4251/4426/files/spei-footer.png?v=1660683142
,,Precio de venta$ 162.00,,https://cdn.shopify.com/s/files/1/0617/4251/4426/files/Capa_1.png?v=1652727823;https://cdn.shopify.com/s/files/1/0617/4251/4426/files/spei-footer.png?v=1660683142
,,Precio de venta$ 216.00,,https://cdn.shopify.com/s/files/1/0617/4251/4426/files/Capa_1.png?v=1652727823;https://cdn.shopify.com/s/files/1/0617/4251/4426/files/spei-footer.png?v=1660683142
,,Precio de venta$ 68.00,01 Strings Attached;02 All Yours;03 So it's Mine;04 Waiting for You;05 My Weakness;06 Hint Hint;07 Dirty Thoughts;08 Turn Me On;09 Making You Crazy;10 Late Date;11 Tell Me More;12 Fool in Love;13 So Luscious;14 Spice it Up;15 So Deep;16 Night Appointment;01 Strings Attached - $ 68.00;02 All Yours - $ 68.00;03 So it's Mine - $ 68.00;04 Waiting for You - $ 68.00;05 My Weakness - $ 68.00;06 Hint Hint - $ 68.00;07 Dirty Thoughts - $ 68.00;08 Turn Me On - $ 68.00;09 Making You Crazy - $ 68.00;10 Late Date - $ 68.00;11 Tell Me More - $ 68.00;12 Fool in Love - $ 68.00;13 So Luscious - $ 68.00;14 Spice it Up - $ 68.00;15 So Deep - $ 68.00;16 Night Appointment - $ 68.00,https://cdn.shopify.com/s/files/1/0617/4251/4426/files/Capa_1.png?v=1652727823;https://cdn.shopify.com/s/files/1/0617/4251/4426/files/spei-footer.png?v=1660683142
,,Precio de venta$ 45.00,Poderosa;Besitos;Lover;Bombshell;Desire;Amorcito;Atrevida;Tease;Poderosa - $ 45.00;Besitos - $ 45.00;Lover - $ 45.00;Bombshell - $ 45.00;Desire - $ 45.00;Amorcito - $ 45.00;Atrevida - $ 45.00;Tease - $ 45.00,https://cdn.shopify.com/s/files/1/0617/4251/4426/files/Capa_1.png?v=1652727823;https://cdn.shopify.com/s/files/1/0617/4251/4426/files/spei-footer.png?v=1660683142
,,Precio de venta$ 57.00,01 Aegyo;02 Fancafe;03 Lightstick;04 Idol;05 Fandom;06 Bias;07 K-Pop;01 Aegyo - $ 57.00;02 Fancafe - $ 57.00;03 Lightstick - $ 57.00;04 Idol - $ 57.00;05 Fandom - $ 57.00;06 Bias - $ 57.00;07 K-Pop - $ 57.00,https://cdn.shopify.com/s/files/1/0617/4251/4426/files/cruelty_free.png?v=1649713145;https://cdn.shopify.com/s/files/1/0617/4251/4426/files/Capa_1.png?v=1652727823;https://cdn.shopify.com/s/files/1/0617/4251/4426/files/spei-footer.png?v=1660683142
,,Precio de venta$ 29.00,01 Peonia;02 Rosatti;03 Lovely;04 Petal Pink;05 Jérez;06 Cognac;07 Salmec;08 Marrakesh;09 Carajillo;10 Messina;11 Favignana;12 Trapani;13 Hazelnut;14 Carissa;15 Red Cherry;16 Rouge;17 Burning;18 Redish;19 Vermut;20 Cabernet;01 Peonia - $ 29.00;02 Rosatti - $ 29.00;03 Lovely - $ 29.00;04 Petal Pink - $ 29.00;05 Jérez - $ 29.00;06 Cognac - $ 29.00;07 Salmec - $ 29.00;08 Marrakesh - $ 29.00;09 Carajillo - $ 29.00;10 Messina - $ 29.00;11 Favignana - $ 29.00;12 Trapani - $ 29.00;13 Hazelnut - $ 29.00;14 Carissa - $ 29.00;15 Red Cherry - $ 29.00;16 Rouge - $ 29.00;17 Burning - $ 29.00;18 Redish - $ 29.00;19 Vermut - $ 29.00;20 Cabernet - $ 29.00,https://cdn.shopify.com/s/files/1/0617/4251/4426/files/Capa_1.png?v=1652727823;https://cdn.shopify.com/s/files/1/0617/4251/4426/files/spei-footer.png?v=1660683142
,,Precio de venta$ 17.00,01 - $ 17.00;02 - $ 17.00;03 - $ 17.00,https://cdn.shopify.com/s/files/1/0617/4251/4426/files/Capa_1.png?v=1652727823;https://cdn.shopify.com/s/files/1/0617/4251/4426/files/spei-footer.png?v=1660683142
,,Precio de venta$ 50.00,L102;L103;L105;L107;L113;L114;L115;L116;L117;L118;L102 - $ 50.00;L103 - $ 50.00;L105 - $ 50.00;L107 - $ 50.00;L113 - $ 50.00;L114 - $ 50.00;L115 - $ 50.00;L116 - $ 50.00;L117 - $ 50.00;L118 - $ 50.00,https://cdn.shopify.com/s/files/1/0617/4251/4426/files/Capa_1.png?v=1652727823;https://cdn.shopify.com/s/files/1/0617/4251/4426/files/spei-footer.png?v=1660683142
,,Precio de venta$ 43.00,Guava;Bubble Gum;Red Frost;Tropical Punch;Living Coral;Begonia;Guava - $ 43.00;Bubble Gum - $ 43.00;Red Frost - $ 43.00;Tropical Punch - $ 43.00;Living Coral - $ 43.00;Begonia - $ 43.00,https://cdn.shopify.com/s/files/1/0617/4251/4426/files/Capa_1.png?v=1652727823;https://cdn.shopify.com/s/files/1/0617/4251/4426/files/spei-footer.png?v=1660683142
,,Precio de venta$ 102.00,Berry Good;Escándalo;Rumor;Corazonada;Posdata;Marte;Chai;Sutil;Berry Good - $ 102.00;Escándalo - $ 102.00;Rumor - $ 102.00;Corazonada - $ 102.00;Posdata - $ 102.00;Marte - $ 102.00;Chai - $ 102.00;Sutil - $ 102.00,https://cdn.shopify.com/s/files/1/0617/4251/4426/files/Capa_1.png?v=1652727823;https://cdn.shopify.com/s/files/1/0617/4251/4426/files/spei-footer.png?v=1660683142
,,Precio de venta$ 159.00,Babe O'clock;She's Late;Moo-Ve It;Can You Wait;Chit Chat Time;Babe O'clock - $ 159.00;She's Late - $ 159.00;Moo-Ve It - $ 159.00;Can You Wait - $ 159.00;Chit Chat Time - $ 159.00,https://cdn.shopify.com/s/files/1/0617/4251/4426/files/Capa_1.png?v=1652727823;https://cdn.shopify.com/s/files/1/0617/4251/4426/files/spei-footer.png?v=1660683142
,,Precio de venta$ 64.50,,https://cdn.shopify.com/s/files/1/0617/4251/4426/files/Capa_1.png?v=1652727823;https://cdn.shopify.com/s/files/1/0617/4251/4426/files/spei-footer.png?v=1660683142
,,Precio de venta$ 70.50,Better Off Alone;Casual Lover;Best Of Me;Most Popular;On The Daily;My Honey;Sweet Tweet;Never Tied Down;I'm Committed;Worth The Wait;Miss Perfect;My Go To;Keep Me Satisfied;Get Into It;Never Too Much;Mixed Feelings;Can't Blame U;True Icon;Better Off Alone - $ 70.50;Casual Lover - $ 70.50;Best Of Me - $ 70.50;Most Popular - $ 70.50;On The Daily - $ 70.50;My Honey - $ 70.50;Sweet Tweet - $ 70.50;Never Tied Down - $ 70.50;I'm Committed - $ 70.50;Worth The Wait - $ 70.50;Miss Perfect - $ 70.50;My Go To - $ 70.50;Keep Me Satisfied - $ 70.50;Get Into It - $ 70.50;Never Too Much - $ 70.50;Mixed Feelings - $ 70.50;Can't Blame U - $ 70.50;True Icon - $ 70.50,https://cdn.shopify.com/s/files/1/0617/4251/4426/files/cruelty_free.png?v=1649713145;https://cdn.shopify.com/s/files/1/0617/4251/4426/files/Capa_1.png?v=1652727823;https://cdn.shopify.com/s/files/1/0617/4251/4426/files/spei-footer.png?v=1660683142
,,Precio de venta$ 81.00,,https://cdn.shopify.com/s/files/1/0617/4251/4426/files/Capa_1.png?v=1652727823;https://cdn.shopify.com/s/files/1/0617/4251/4426/files/spei-footer.png?v=1660683142
,,Precio de venta$ 230.00,00 Pearl Gloss;01 Flashing Apricot;02 Dewy Grapefruit;03 Soda Cool Peach;04 Adorable Berry;05 Sweet Persimmon;06 Joyful Tomato;07 Shy Guava;08 Lovely Raspberry;09 Heartful Mulberry;10 Blossom Pink;11 Bubbles Pink;12 Buttercup Pink;13 Shy Pear;14 Sulky Lychee;15 Satisfied Fig;16 Mochi Pink;00 Pearl Gloss - $ 230.00;01 Flashing Apricot - $ 230.00;02 Dewy Grapefruit - $ 230.00;03 Soda Cool Peach - $ 230.00;04 Adorable Berry - $ 230.00;05 Sweet Persimmon - $ 230.00;06 Joyful Tomato - $ 230.00;07 Shy Guava - $ 230.00;08 Lovely Raspberry - $ 230.00;09 Heartful Mulberry - $ 230.00;10 Blossom Pink - $ 230.00;11 Bubbles Pink - $ 230.00;12 Buttercup Pink - $ 230.00;13 Shy Pear - $ 230.00;14 Sulky Lychee - $ 230.00;15 Satisfied Fig - $ 230.00;16 Mochi Pink - $ 230.00,https://cdn.shopify.com/s/files/1/0617/4251/4426/files/Capa_1.png?v=1652727823;https://cdn.shopify.com/s/files/1/0617/4251/4426/files/spei-footer.png?v=1660683142
,,Precio de venta$ 16.50,01 Jazzy;02 Poppy;03 Fiesta;04 High Risk;05 Tango;06 Samba;07 Blossom;08 Desert Rose;09 Blush;10 Baroque Rose;11 Brick;12 Hot Chocolate;01 Jazzy - $ 16.50;02 Poppy - $ 16.50;03 Fiesta - $ 16.50;04 High Risk - $ 16.50;05 Tango - $ 16.50;06 Samba - $ 16.50;07 Blossom - $ 16.50;08 Desert Rose - $ 16.50;09 Blush - $ 16.50;10 Baroque Rose - $ 16.50;11 Brick - $ 16.50;12 Hot Chocolate - $ 16.50,https://cdn.shopify.com/s/files/1/0617/4251/4426/files/Capa_1.png?v=1652727823;https://cdn.shopify.com/s/files/1/0617/4251/4426/files/spei-footer.png?v=1660683142
,,Precio de venta$ 41.50,01 Fresh Red - $ 41.50;02 Summer Coral - $ 41.50;03 Cranberry Juice - $ 41.50;04 Pitaya Pool - $ 41.50,https://cdn.shopify.com/s/files/1/0617/4251/4426/files/Capa_1.png?v=1652727823;https://cdn.shopify.com/s/files/1/0617/4251/4426/files/spei-footer.png?v=1660683142
,,Precio de venta$ 50.00,M109;M110;M111;M112;M113;M114;M115;M116;M117;M118;M109 - $ 50.00;M110 - $ 50.00;M111 - $ 50.00;M112 - $ 50.00;M113 - $ 50.00;M114 - $ 50.00;M115 - $ 50.00;M116 - $ 50.00;M117 - $ 50.00;M118 - $ 50.00,https://cdn.shopify.com/s/files/1/0617/4251/4426/files/Capa_1.png?v=1652727823;https://cdn.shopify.com/s/files/1/0617/4251/4426/files/spei-footer.png?v=1660683142
,,"Precio de venta$ 5,112.00",,https://cdn.shopify.com/s/files/1/0617/4251/4426/files/Capa_1.png?v=1652727823;https://cdn.shopify.com/s/files/1/0617/4251/4426/files/spei-footer.png?v=1660683142
,,Precio de venta$ 23.00,01 Glam Red - $ 23.00;02 Light Red - $ 23.00;03 Wine Glass - $ 23.00;04 Divine Pink - $ 23.00;05 Soulful Nude - $ 23.00;06 Dark Wine - $ 23.00,https://cdn.shopify.com/s/files/1/0617/4251/4426/files/Capa_1.png?v=1652727823;https://cdn.shopify.com/s/files/1/0617/4251/4426/files/spei-footer.png?v=1660683142
,,Precio de venta$ 77.00,Reina Roja;Rosa Turca;Marrón Rojizo Marroquí;Naranja Calabaza Caramelizada;Canela Latte Marrón;Almendra Cremosa;Rosa Dulce;Ciruela Ahumada;Reina Roja - $ 77.00;Rosa Turca - $ 77.00;Marrón Rojizo Marroquí - $ 77.00;Naranja Calabaza Caramelizada - $ 77.00;Canela Latte Marrón - $ 77.00;Almendra Cremosa - $ 77.00;Rosa Dulce - $ 77.00;Ciruela Ahumada - $ 77.00,https://cdn.shopify.com/s/files/1/0617/4251/4426/files/Capa_1.png?v=1652727823;https://cdn.shopify.com/s/files/1/0617/4251/4426/files/spei-footer.png?v=1660683142
,,Precio de venta$ 25.50,01;02;03;04;05;06;01 - $ 25.50;02 - $ 25.50;03 - $ 25.50;04 - $ 25.50;05 - $ 25.50;06 - $ 25.50,https://cdn.shopify.com/s/files/1/0617/4251/4426/files/Capa_1.png?v=1652727823;https://cdn.shopify.com/s/files/1/0617/4251/4426/files/spei-footer.png?v=1660683142
,,Precio de venta$ 100.00,001 Adore;002 Sweetie;003 Yours;004 Goddess;005 Lovely;006 Angelic;007 Beautiful;008 Another;009 Tiny;010 Loyal;011 Bonny;012 Dreamsgirl;013 Sassy;014 Cora;015 Superstar;016 Treasure;017 Willow;018 Magical;019 Classy;020 Minerva;021 Blossom;022 Destiny;001 Adore - $ 100.00;002 Sweetie - $ 100.00;003 Yours - $ 100.00;004 Goddess - $ 100.00;005 Lovely - $ 100.00;006 Angelic - $ 100.00;007 Beautiful - $ 100.00;008 Another - $ 100.00;009 Tiny - $ 100.00;010 Loyal - $ 100.00;011 Bonny - $ 100.00;012 Dreamsgirl - $ 100.00;013 Sassy - $ 100.00;014 Cora - $ 100.00;015 Superstar - $ 100.00;016 Treasure - $ 100.00;017 Willow - $ 100.00;018 Magical - $ 100.00;019 Classy - $ 100.00;020 Minerva - $ 100.00;021 Blossom - $ 100.00;022 Destiny - $ 100.00,https://cdn.shopify.com/s/files/1/0617/4251/4426/files/Capa_1.png?v=1652727823;https://cdn.shopify.com/s/files/1/0617/4251/4426/files/spei-footer.png?v=1660683142
,,Precio de venta$ 234.00,,https://cdn.shopify.com/s/files/1/0617/4251/4426/files/Capa_1.png?v=1652727823;https://cdn.shopify.com/s/files/1/0617/4251/4426/files/spei-footer.png?v=1660683142
,,Precio de venta$ 62.00,Cake;Moccha Cream;Classic Coffee;Bridal Rose;Old Red;Cake - $ 62.00;Moccha Cream - $ 62.00;Classic Coffee - $ 62.00;Bridal Rose - $ 62.00;Old Red - $ 62.00,https://cdn.shopify.com/s/files/1/0617/4251/4426/files/Capa_1.png?v=1652727823;https://cdn.shopify.com/s/files/1/0617/4251/4426/files/spei-footer.png?v=1660683142
,,Precio de venta$ 23.00,01 - $ 23.00;02 - $ 23.00;03 - $ 23.00;04 - $ 23.00,https://cdn.shopify.com/s/files/1/0617/4251/4426/files/Capa_1.png?v=1652727823;https://cdn.shopify.com/s/files/1/0617/4251/4426/files/spei-footer.png?v=1660683142
,,Precio de venta$ 28.00,01 Lethal - $ 28.00;02 Deadly - $ 28.00;03 Assesina - $ 28.00;04 Slay - $ 28.00;05 Tóxica - $ 28.00;06 Slasher - $ 28.00,https://cdn.shopify.com/s/files/1/0617/4251/4426/files/Capa_1.png?v=1652727823;https://cdn.shopify.com/s/files/1/0617/4251/4426/files/spei-footer.png?v=1660683142
,,Precio de venta$ 21.50,01;02;03;04;05;06;07;08;09;10;11;12;01 - $ 21.50;02 - $ 21.50;03 - $ 21.50;04 - $ 21.50;05 - $ 21.50;06 - $ 21.50;07 - $ 21.50;08 - $ 21.50;09 - $ 21.50;10 - $ 21.50;11 - $ 21.50;12 - $ 21.50,https://cdn.shopify.com/s/files/1/0617/4251/4426/files/Capa_1.png?v=1652727823;https://cdn.shopify.com/s/files/1/0617/4251/4426/files/spei-footer.png?v=1660683142
,,Precio de venta$ 100.00,001 Nude Chic;002 Mocha;003 Peach Nude;004 Modern;005 Natural Look;006 Cherry Blossom;007 Tender Rose;008 Hibiscus;009 Sun Tea;010 Burnt Sienna;011 Burgundy Noir;012 Rouge;001 Nude Chic - $ 100.00;002 Mocha - $ 100.00;003 Peach Nude - $ 100.00;004 Modern - $ 100.00;005 Natural Look - $ 100.00;006 Cherry Blossom - $ 100.00;007 Tender Rose - $ 100.00;008 Hibiscus - $ 100.00;009 Sun Tea - $ 100.00;010 Burnt Sienna - $ 100.00;011 Burgundy Noir - $ 100.00;012 Rouge - $ 100.00,https://cdn.shopify.com/s/files/1/0617/4251/4426/files/Capa_1.png?v=1652727823;https://cdn.shopify.com/s/files/1/0617/4251/4426/files/spei-footer.png?v=1660683142
,,Precio de venta$ 16.00,01 - $ 16.00;02 - $ 16.00;03 - $ 16.00;04 - $ 16.00;05 - $ 16.00;06 - $ 16.00,https://cdn.shopify.com/s/files/1/0617/4251/4426/files/Capa_1.png?v=1652727823;https://cdn.shopify.com/s/files/1/0617/4251/4426/files/spei-footer.png?v=1660683142
,,Precio de venta$ 57.50,Mush;Macchiato;Habana;Fiore;Rose;Space;Pandora;Coco;Pepper;Cherry;Opera;Mush - $ 57.50;Macchiato - $ 57.50;Habana - $ 57.50;Fiore - $ 57.50;Rose - $ 57.50;Space - $ 57.50;Pandora - $ 57.50;Coco - $ 57.50;Pepper - $ 57.50;Cherry - $ 57.50;Opera - $ 57.50,https://cdn.shopify.com/s/files/1/0617/4251/4426/files/Capa_1.png?v=1652727823;https://cdn.shopify.com/s/files/1/0617/4251/4426/files/spei-footer.png?v=1660683142
,,Precio de venta$ 173.50,,https://cdn.shopify.com/s/files/1/0617/4251/4426/files/Capa_1.png?v=1652727823;https://cdn.shopify.com/s/files/1/0617/4251/4426/files/spei-footer.png?v=1660683142
,,Precio de venta$ 12.50,01 - $ 12.50;02 - $ 12.50;03 - $ 12.50;04 - $ 12.50,https://cdn.shopify.com/s/files/1/0617/4251/4426/files/Capa_1.png?v=1652727823;https://cdn.shopify.com/s/files/1/0617/4251/4426/files/spei-footer.png?v=1660683142
,,Precio de venta$ 280.00,,https://cdn.shopify.com/s/files/1/0617/4251/4426/files/Capa_1.png?v=1652727823;https://cdn.shopify.com/s/files/1/0617/4251/4426/files/spei-footer.png?v=1660683142
,,Precio de venta$ 19.00,01;02;03;04;05;06;01 - $ 19.00;02 - $ 19.00;03 - $ 19.00;04 - $ 19.00;05 - $ 19.00;06 - $ 19.00,https://cdn.shopify.com/s/files/1/0617/4251/4426/files/Capa_1.png?v=1652727823;https://cdn.shopify.com/s/files/1/0617/4251/4426/files/spei-footer.png?v=1660683142
,,Precio de venta$ 129.50,01 Be With;02 Mingle;04 Join;05 Together;06 Our;01 Be With - $ 129.50;02 Mingle - $ 129.50;04 Join - $ 129.50;05 Together - $ 129.50;06 Our - $ 129.50,https://cdn.shopify.com/s/files/1/0617/4251/4426/files/Capa_1.png?v=1652727823;https://cdn.shopify.com/s/files/1/0617/4251/4426/files/spei-footer.png?v=1660683142
,,Precio de venta$ 357.00,,https://cdn.shopify.com/s/files/1/0617/4251/4426/files/Capa_1.png?v=1652727823;https://cdn.shopify.com/s/files/1/0617/4251/4426/files/spei-footer.png?v=1660683142
,,Precio de venta$ 225.50,01 Berry Amazing;02 Peach Dew;03 Litchi Luster;04 Clear Cherry;05 Pink Melon;06 Nice Plum;07 Cool Peach;08 Berry Pink;01 Berry Amazing - $ 225.50;02 Peach Dew - $ 225.50;03 Litchi Luster - $ 225.50;04 Clear Cherry - $ 225.50;05 Pink Melon - $ 225.50;06 Nice Plum - $ 225.50;07 Cool Peach - $ 225.50;08 Berry Pink - $ 225.50,https://cdn.shopify.com/s/files/1/0617/4251/4426/files/Capa_1.png?v=1652727823;https://cdn.shopify.com/s/files/1/0617/4251/4426/files/spei-footer.png?v=1660683142
,,Precio de venta$ 20.50,01 - $ 20.50;02 - $ 20.50;03 - $ 20.50,https://cdn.shopify.com/s/files/1/0617/4251/4426/files/Capa_1.png?v=1652727823;https://cdn.shopify.com/s/files/1/0617/4251/4426/files/spei-footer.png?v=1660683142
,,Precio de venta$ 238.50,,https://cdn.shopify.com/s/files/1/0617/4251/4426/files/Capa_1.png?v=1652727823;https://cdn.shopify.com/s/files/1/0617/4251/4426/files/spei-footer.png?v=1660683142
,,Precio de venta$ 50.00,U101;U102;U103;U104;U105;U106;U107;U108;U109;U110;U101 - $ 50.00;U102 - $ 50.00;U103 - $ 50.00;U104 - $ 50.00;U105 - $ 50.00;U106 - $ 50.00;U107 - $ 50.00;U108 - $ 50.00;U109 - $ 50.00;U110 - $ 50.00,https://cdn.shopify.com/s/files/1/0617/4251/4426/files/Capa_1.png?v=1652727823;https://cdn.shopify.com/s/files/1/0617/4251/4426/files/spei-footer.png?v=1660683142
